n_nodes,n_edges,density,n_components,largest_component_ratio,n_communities,modularity,avg_clustering_coefficient,avg_degree,avg_weighted_degree,diameter_largest_component,avg_path_length_largest_component,network
84,200,0.05737234652897304,5,0.9047619047619048,9,0.3394,0.4386,4.76,13.76,7,2.736,keyword_cooccurrence
89,200,0.05107252298263534,6,0.7640449438202247,11,0.5436,0.428,4.49,16.65,5,2.763,co_citation
91,200,0.04884004884004884,8,0.8131868131868132,12,0.5368,0.327,4.4,20.13,9,3.199,bibliographic_coupling
106,200,0.03593890386343217,20,0.32075471698113206,21,0.7436,0.4265,3.77,6.15,3,1.793,coauthorship
